scenario,seed,true_positive_cells,false_positive_cells,false_negative_cells,true_negative_cells,precision,recall,f1,false_safe_rate,target_produced,target_is_truly_safe,target_error_m,runtime_ms,peak_detector_memory_kib,coverage,direct_measurement_coverage,raw_samples,frames,acquisition_duration_s,candidate_count,truth_safe_cells,predicted_safe_cells
flat_obstacles,0,0,0,112,329,1.0,0.0,0.0,0.0,False,,,1.5066999999362451,58.162109375,1.0,0.9183673469387755,8808,150,10.0,0,112,0
flat_obstacles,1,4,0,108,329,1.0,0.03571428571428571,0.0689655172413793,0.0,True,True,0.0,2.2586000000046624,98.388671875,1.0,0.9229024943310657,8862,150,10.0,1,112,4
flat_obstacles,2,13,0,99,329,1.0,0.11607142857142858,0.208,0.0,True,True,0.0,1.711899999918387,197.01953125,1.0,0.9047619047619048,8807,150,10.0,2,112,13
flat_obstacles,3,6,0,106,329,1.0,0.05357142857142857,0.10169491525423728,0.0,True,True,0.0,2.3312000002988498,105.1357421875,1.0,0.9365079365079365,8847,150,10.0,2,112,6
flat_obstacles,4,23,0,89,329,1.0,0.20535714285714285,0.34074074074074073,0.0,True,True,0.0,1.6968999998425716,287.646484375,1.0,0.9251700680272109,8898,150,10.0,2,112,23
flat_obstacles,5,0,0,112,329,1.0,0.0,0.0,0.0,False,,,1.6107000001284177,57.3115234375,1.0,0.9342403628117913,8858,150,10.0,0,112,0
flat_obstacles,6,10,0,102,329,1.0,0.08928571428571429,0.1639344262295082,0.0,True,True,0.0,2.7345000003151654,202.1396484375,1.0,0.9319727891156463,8815,150,10.0,2,112,10
flat_obstacles,7,0,0,112,329,1.0,0.0,0.0,0.0,False,,,1.2447999997675652,57.3115234375,1.0,0.9659863945578231,8882,150,10.0,0,112,0
flat_obstacles,8,21,0,91,329,1.0,0.1875,0.3157894736842105,0.0,True,True,0.0,2.378600000156439,232.615234375,1.0,0.9206349206349206,8892,150,10.0,2,112,21
flat_obstacles,9,3,0,109,329,1.0,0.026785714285714284,0.052173913043478265,0.0,True,True,0.0,2.0610000001397566,77.677734375,1.0,0.8979591836734694,8861,150,10.0,1,112,3
flat_obstacles,10,2,0,110,329,1.0,0.017857142857142856,0.03508771929824561,0.0,True,True,0.0,1.85090000013588,57.2490234375,1.0,0.8888888888888888,8815,150,10.0,1,112,2
flat_obstacles,11,2,0,110,329,1.0,0.017857142857142856,0.03508771929824561,0.0,True,True,0.0,2.1471000000019558,57.337890625,1.0,0.9229024943310657,8822,150,10.0,1,112,2
flat_obstacles,12,0,0,112,329,1.0,0.0,0.0,0.0,False,,,1.472100000228238,57.2490234375,1.0,0.9206349206349206,8807,150,10.0,0,112,0
flat_obstacles,13,0,0,112,329,1.0,0.0,0.0,0.0,False,,,2.0629000000553788,57.2490234375,1.0,0.9319727891156463,8835,150,10.0,0,112,0
flat_obstacles,14,4,0,108,329,1.0,0.03571428571428571,0.0689655172413793,0.0,True,True,0.0,2.337500000066939,98.0146484375,1.0,0.9206349206349206,8869,150,10.0,1,112,4
flat_obstacles,15,38,0,74,329,1.0,0.3392857142857143,0.5066666666666666,0.0,True,True,0.0,2.5713999998515646,325.1533203125,1.0,0.9229024943310657,8852,150,10.0,2,112,38
flat_obstacles,16,2,0,110,329,1.0,0.017857142857142856,0.03508771929824561,0.0,True,True,0.0,1.6784999997980776,57.25,1.0,0.8956916099773242,8828,150,10.0,1,112,2
flat_obstacles,17,25,0,87,329,1.0,0.22321428571428573,0.36496350364963503,0.0,True,True,0.0,2.207699999871693,340.8486328125,1.0,0.9160997732426304,8790,150,10.0,1,112,25
flat_obstacles,18,6,0,106,329,1.0,0.05357142857142857,0.10169491525423728,0.0,True,True,0.0,1.3991999999234395,138.482421875,1.0,0.9002267573696145,8853,150,10.0,1,112,6
flat_obstacles,19,12,0,100,329,1.0,0.10714285714285714,0.19354838709677416,0.0,True,True,0.0,1.4443000000028405,217.2021484375,1.0,0.9206349206349206,8842,150,10.0,1,112,12
flat_obstacles,20,8,0,104,329,1.0,0.07142857142857142,0.13333333333333333,0.0,True,True,0.0,1.6751000002841465,178.5439453125,1.0,0.9251700680272109,8813,150,10.0,1,112,8
flat_obstacles,21,7,0,105,329,1.0,0.0625,0.11764705882352941,0.0,True,True,0.0,1.4430000001084409,158.4453125,1.0,0.9251700680272109,8807,150,10.0,1,112,7
flat_obstacles,22,0,0,112,329,1.0,0.0,0.0,0.0,False,,,1.3710999996874307,57.25,0.9977324263038548,0.9024943310657596,8846,150,10.0,0,112,0
flat_obstacles,23,2,0,110,329,1.0,0.017857142857142856,0.03508771929824561,0.0,True,True,0.0,1.4769999997952254,57.2021484375,1.0,0.9229024943310657,8861,150,10.0,1,112,2
flat_obstacles,24,0,0,112,329,1.0,0.0,0.0,0.0,False,,,1.6859000002114044,57.25,1.0,0.927437641723356,8882,150,10.0,0,112,0
flat_obstacles,25,12,0,100,329,1.0,0.10714285714285714,0.19354838709677416,0.0,True,True,0.0,2.150099999653321,214.2412109375,1.0,0.9433106575963719,8869,150,10.0,2,112,12
flat_obstacles,26,8,0,104,329,1.0,0.07142857142857142,0.13333333333333333,0.0,True,True,0.0,2.086100000269653,137.8740234375,1.0,0.9070294784580499,8877,150,10.0,2,112,8
flat_obstacles,27,0,0,112,329,1.0,0.0,0.0,0.0,False,,,2.378200000293873,57.25,1.0,0.9251700680272109,8818,150,10.0,0,112,0
flat_obstacles,28,0,0,112,329,1.0,0.0,0.0,0.0,False,,,2.0400000003064633,57.2041015625,1.0,0.9070294784580499,8815,150,10.0,0,112,0
flat_obstacles,29,5,0,107,329,1.0,0.044642857142857144,0.08547008547008547,0.0,True,True,0.0,2.295799999956216,118.2861328125,1.0,0.9229024943310657,8825,150,10.0,1,112,5
flat_obstacles,30,1,0,111,329,1.0,0.008928571428571428,0.017699115044247787,0.0,True,True,0.0,2.4767999998402956,57.2041015625,1.0,0.9342403628117913,8833,150,10.0,1,112,1
flat_obstacles,31,17,0,95,329,1.0,0.15178571428571427,0.26356589147286824,0.0,True,True,0.0,2.136999999947875,205.2578125,1.0,0.9297052154195011,8792,150,10.0,2,112,17
flat_obstacles,32,3,0,109,329,1.0,0.026785714285714284,0.052173913043478265,0.0,True,True,0.0,2.1789000002172543,77.626953125,1.0,0.9047619047619048,8878,150,10.0,1,112,3
flat_obstacles,33,6,0,106,329,1.0,0.05357142857142857,0.10169491525423728,0.0,True,True,0.0,1.765500000146858,138.390625,1.0,0.9365079365079365,8834,150,10.0,1,112,6
flat_obstacles,34,0,0,112,329,1.0,0.0,0.0,0.0,False,,,1.564199999847915,57.25,1.0,0.909297052154195,8796,150,10.0,0,112,0
flat_obstacles,35,6,0,106,329,1.0,0.05357142857142857,0.10169491525423728,0.0,True,True,0.0,2.148999999917578,138.4365234375,1.0,0.909297052154195,8823,150,10.0,1,112,6
flat_obstacles,36,4,0,108,329,1.0,0.03571428571428571,0.0689655172413793,0.0,True,True,0.0,2.140999999937776,98.0126953125,1.0,0.9229024943310657,8860,150,10.0,1,112,4
flat_obstacles,37,6,0,106,329,1.0,0.05357142857142857,0.10169491525423728,0.0,True,True,0.0,1.4498999998977524,138.4345703125,1.0,0.8979591836734694,8799,150,10.0,1,112,6
flat_obstacles,38,6,0,106,329,1.0,0.05357142857142857,0.10169491525423728,0.0,True,True,0.0,1.4510999999401974,138.4365234375,1.0,0.9160997732426304,8855,150,10.0,1,112,6
flat_obstacles,39,0,0,112,329,1.0,0.0,0.0,0.0,False,,,1.855999999861524,57.25,1.0,0.9002267573696145,8817,150,10.0,0,112,0
flat_obstacles,40,5,0,107,329,1.0,0.044642857142857144,0.08547008547008547,0.0,True,True,0.0,1.5128999998523796,118.23828125,1.0,0.9024943310657596,8818,150,10.0,1,112,5
flat_obstacles,41,0,0,112,329,1.0,0.0,0.0,0.0,False,,,1.9084999998995045,57.2490234375,1.0,0.9342403628117913,8859,150,10.0,0,112,0
flat_obstacles,42,23,0,89,329,1.0,0.20535714285714285,0.34074074074074073,0.0,True,True,0.0,2.0936999999321415,254.8955078125,1.0,0.9206349206349206,8804,150,10.0,2,112,23
flat_obstacles,43,0,0,112,329,1.0,0.0,0.0,0.0,False,,,1.3426000000436034,57.1494140625,1.0,0.9410430839002267,8795,150,10.0,0,112,0
flat_obstacles,44,6,0,106,329,1.0,0.05357142857142857,0.10169491525423728,0.0,True,True,0.0,2.3384000000987726,137.9443359375,1.0,0.9183673469387755,8824,150,10.0,1,112,6
flat_obstacles,45,2,0,110,329,1.0,0.017857142857142856,0.03508771929824561,0.0,True,True,0.0,1.9965999999840278,57.1953125,1.0,0.9229024943310657,8798,150,10.0,1,112,2
flat_obstacles,46,16,0,96,329,1.0,0.14285714285714285,0.25,0.0,True,True,0.0,1.9990000000689179,234.703125,1.0,0.9478458049886621,8828,150,10.0,2,112,16
flat_obstacles,47,7,0,105,329,1.0,0.0625,0.11764705882352941,0.0,True,True,0.0,2.3479999999835854,137.6787109375,1.0,0.9206349206349206,8832,150,10.0,2,112,7
flat_obstacles,48,27,0,85,329,1.0,0.24107142857142858,0.3884892086330935,0.0,True,True,0.0,2.0405999998729385,297.0439453125,1.0,0.8843537414965986,8873,150,10.0,2,112,27
flat_obstacles,49,3,0,109,329,1.0,0.026785714285714284,0.052173913043478265,0.0,True,True,0.0,1.4806999997745152,77.232421875,1.0,0.9002267573696145,8823,150,10.0,1,112,3
mixed_slope,0,0,0,48,393,1.0,0.0,0.0,0.0,False,,,1.5733000000182074,57.2412109375,1.0,0.9183673469387755,8808,150,10.0,0,48,0
mixed_slope,1,0,0,48,393,1.0,0.0,0.0,0.0,False,,,1.3573999999607622,57.1494140625,1.0,0.9229024943310657,8862,150,10.0,0,48,0
mixed_slope,2,0,0,48,393,1.0,0.0,0.0,0.0,False,,,1.352599999790982,57.1953125,1.0,0.9047619047619048,8807,150,10.0,0,48,0
mixed_slope,3,20,0,28,393,1.0,0.4166666666666667,0.5882352941176471,0.0,True,True,0.0,1.596999999947002,278.458984375,1.0,0.9365079365079365,8847,150,10.0,1,48,20
mixed_slope,4,0,0,48,393,1.0,0.0,0.0,0.0,False,,,1.3562000003730645,57.1953125,1.0,0.9251700680272109,8898,150,10.0,0,48,0
mixed_slope,5,4,0,44,393,1.0,0.08333333333333333,0.15384615384615385,0.0,True,True,0.0,1.7376000000695058,97.5205078125,1.0,0.9342403628117913,8858,150,10.0,1,48,4
mixed_slope,6,0,0,48,393,1.0,0.0,0.0,0.0,False,,,1.4073000002099434,57.1953125,1.0,0.9319727891156463,8815,150,10.0,0,48,0
mixed_slope,7,0,0,48,393,1.0,0.0,0.0,0.0,False,,,1.2654000001930399,57.1953125,1.0,0.9659863945578231,8882,150,10.0,0,48,0
mixed_slope,8,0,0,48,393,1.0,0.0,0.0,0.0,False,,,1.2693999997281935,57.1953125,1.0,0.9206349206349206,8892,150,10.0,0,48,0
mixed_slope,9,0,0,48,393,1.0,0.0,0.0,0.0,False,,,1.476100000218139,57.1494140625,1.0,0.8979591836734694,8861,150,10.0,0,48,0
mixed_slope,10,0,0,48,393,1.0,0.0,0.0,0.0,False,,,1.5887999998085434,57.1015625,1.0,0.8888888888888888,8815,150,10.0,0,48,0
mixed_slope,11,0,0,48,393,1.0,0.0,0.0,0.0,False,,,1.863499999672058,57.1953125,1.0,0.9229024943310657,8822,150,10.0,0,48,0
mixed_slope,12,12,0,36,393,1.0,0.25,0.4,0.0,True,True,0.0,1.4626000001953798,216.662109375,1.0,0.9206349206349206,8807,150,10.0,1,48,12
mixed_slope,13,0,0,48,393,1.0,0.0,0.0,0.0,False,,,1.2795000002370216,57.1953125,1.0,0.9319727891156463,8835,150,10.0,0,48,0
mixed_slope,14,0,0,48,393,1.0,0.0,0.0,0.0,False,,,1.4618000000155007,57.1953125,1.0,0.9206349206349206,8869,150,10.0,0,48,0
mixed_slope,15,4,0,44,393,1.0,0.08333333333333333,0.15384615384615385,0.0,True,True,0.0,1.5807999998287414,97.4267578125,1.0,0.9229024943310657,8852,150,10.0,1,48,4
mixed_slope,16,4,0,44,393,1.0,0.08333333333333333,0.15384615384615385,0.0,True,True,0.0,1.442499999939173,97.568359375,1.0,0.8956916099773242,8828,150,10.0,1,48,4
mixed_slope,17,0,0,48,393,1.0,0.0,0.0,0.0,False,,,1.2868999997408537,57.1953125,1.0,0.9160997732426304,8790,150,10.0,0,48,0
mixed_slope,18,0,0,48,393,1.0,0.0,0.0,0.0,False,,,1.7482000002928544,57.1953125,1.0,0.9002267573696145,8853,150,10.0,0,48,0
mixed_slope,19,5,0,43,393,1.0,0.10416666666666667,0.18867924528301885,0.0,True,True,0.0,1.456799999687064,117.7958984375,1.0,0.9206349206349206,8842,150,10.0,1,48,5
mixed_slope,20,0,0,48,393,1.0,0.0,0.0,0.0,False,,,2.424100000098406,57.1953125,1.0,0.9251700680272109,8813,150,10.0,0,48,0
mixed_slope,21,0,0,48,393,1.0,0.0,0.0,0.0,False,,,1.4372000000548724,57.1953125,1.0,0.9251700680272109,8807,150,10.0,0,48,0
mixed_slope,22,0,0,48,393,1.0,0.0,0.0,0.0,False,,,1.6463000001749606,57.1953125,0.9977324263038548,0.9024943310657596,8846,150,10.0,0,48,0
mixed_slope,23,2,0,46,393,1.0,0.041666666666666664,0.07999999999999999,0.0,True,True,0.0,2.377700000124605,57.1494140625,1.0,0.9229024943310657,8861,150,10.0,1,48,2
mixed_slope,24,7,0,41,393,1.0,0.14583333333333334,0.2545454545454546,0.0,True,True,0.0,2.1719999999731954,157.953125,1.0,0.927437641723356,8882,150,10.0,1,48,7
mixed_slope,25,0,0,48,393,1.0,0.0,0.0,0.0,False,,,2.117799999723502,57.1494140625,1.0,0.9433106575963719,8869,150,10.0,0,48,0
mixed_slope,26,8,0,40,393,1.0,0.16666666666666666,0.2857142857142857,0.0,True,True,0.0,2.3718999996162893,177.908203125,1.0,0.9070294784580499,8877,150,10.0,1,48,8
mixed_slope,27,0,0,48,393,1.0,0.0,0.0,0.0,False,,,3.1096000002435176,57.1953125,1.0,0.9251700680272109,8818,150,10.0,0,48,0
mixed_slope,28,5,0,43,393,1.0,0.10416666666666667,0.18867924528301885,0.0,True,True,0.0,1.893099999961123,117.74609375,1.0,0.9070294784580499,8815,150,10.0,1,48,5
mixed_slope,29,0,0,48,393,1.0,0.0,0.0,0.0,False,,,1.9746999996641534,57.1494140625,1.0,0.9229024943310657,8825,150,10.0,0,48,0
mixed_slope,30,0,0,48,393,1.0,0.0,0.0,0.0,False,,,3.506200000174431,57.1953125,1.0,0.9342403628117913,8833,150,10.0,0,48,0
mixed_slope,31,0,0,48,393,1.0,0.0,0.0,0.0,False,,,3.5775000001194712,57.1953125,1.0,0.9297052154195011,8792,150,10.0,0,48,0
mixed_slope,32,0,0,48,393,1.0,0.0,0.0,0.0,False,,,3.29890000011801,57.1953125,1.0,0.9047619047619048,8878,150,10.0,0,48,0
mixed_slope,33,0,0,48,393,1.0,0.0,0.0,0.0,False,,,3.017600000021048,57.1494140625,1.0,0.9365079365079365,8834,150,10.0,0,48,0
mixed_slope,34,0,0,48,393,1.0,0.0,0.0,0.0,False,,,2.8484999997999694,57.1953125,1.0,0.909297052154195,8796,150,10.0,0,48,0
mixed_slope,35,0,0,48,393,1.0,0.0,0.0,0.0,False,,,2.9948999999760417,57.1474609375,1.0,0.909297052154195,8823,150,10.0,0,48,0
mixed_slope,36,2,0,46,393,1.0,0.041666666666666664,0.07999999999999999,0.0,True,True,0.0,3.0225000000427826,57.1953125,1.0,0.9229024943310657,8860,150,10.0,1,48,2
mixed_slope,37,0,0,48,393,1.0,0.0,0.0,0.0,False,,,2.706899999793677,57.1494140625,1.0,0.8979591836734694,8799,150,10.0,0,48,0
mixed_slope,38,0,0,48,393,1.0,0.0,0.0,0.0,False,,,2.6201999999102554,57.1953125,1.0,0.9160997732426304,8855,150,10.0,0,48,0
mixed_slope,39,4,0,44,393,1.0,0.08333333333333333,0.15384615384615385,0.0,True,True,0.0,3.010100000210514,97.5205078125,1.0,0.9002267573696145,8817,150,10.0,1,48,4
mixed_slope,40,17,0,31,393,1.0,0.3541666666666667,0.5230769230769231,0.0,True,True,0.0,3.1751000001349894,247.4208984375,1.0,0.9024943310657596,8818,150,10.0,1,48,17
mixed_slope,41,4,0,44,393,1.0,0.08333333333333333,0.15384615384615385,0.0,True,True,0.0,4.027299999961542,97.37890625,1.0,0.9342403628117913,8859,150,10.0,1,48,4
mixed_slope,42,0,0,48,393,1.0,0.0,0.0,0.0,False,,,3.179099999670143,57.1953125,1.0,0.9206349206349206,8804,150,10.0,0,48,0
mixed_slope,43,6,0,42,393,1.0,0.125,0.2222222222222222,0.0,True,True,0.0,3.309500000341359,137.8486328125,1.0,0.9410430839002267,8795,150,10.0,1,48,6
mixed_slope,44,8,0,40,393,1.0,0.16666666666666666,0.2857142857142857,0.0,True,True,0.0,4.365000000234431,177.814453125,1.0,0.9183673469387755,8824,150,10.0,1,48,8
mixed_slope,45,0,0,48,393,1.0,0.0,0.0,0.0,False,,,2.8295000001890003,57.1953125,1.0,0.9229024943310657,8798,150,10.0,0,48,0
mixed_slope,46,1,0,47,393,1.0,0.020833333333333332,0.04081632653061225,0.0,True,True,0.0,3.224699999918812,57.1953125,1.0,0.9478458049886621,8828,150,10.0,1,48,1
mixed_slope,47,1,0,47,393,1.0,0.020833333333333332,0.04081632653061225,0.0,True,True,0.0,1.612499999737338,57.1494140625,1.0,0.9206349206349206,8832,150,10.0,1,48,1
mixed_slope,48,4,0,44,393,1.0,0.08333333333333333,0.15384615384615385,0.0,True,True,0.0,1.5081999999893014,97.474609375,1.0,0.8843537414965986,8873,150,10.0,1,48,4
mixed_slope,49,4,0,44,393,1.0,0.08333333333333333,0.15384615384615385,0.0,True,True,0.0,1.5300999998544285,97.4248046875,1.0,0.9002267573696145,8823,150,10.0,1,48,4
rough_patch,0,0,0,44,397,1.0,0.0,0.0,0.0,False,,,2.755699999852368,57.1494140625,1.0,0.9183673469387755,8808,150,10.0,0,44,0
rough_patch,1,0,0,60,381,1.0,0.0,0.0,0.0,False,,,2.9469999999491847,57.1494140625,1.0,0.9229024943310657,8862,150,10.0,0,60,0
rough_patch,2,0,0,63,378,1.0,0.0,0.0,0.0,False,,,2.885699999751523,57.1953125,1.0,0.9047619047619048,8807,150,10.0,0,63,0
rough_patch,3,12,0,31,398,1.0,0.27906976744186046,0.43636363636363634,0.0,True,True,0.0,3.425600000355189,216.66015625,1.0,0.9365079365079365,8847,150,10.0,1,43,12
rough_patch,4,0,0,56,385,1.0,0.0,0.0,0.0,False,,,3.1334000000242668,57.1953125,1.0,0.9251700680272109,8898,150,10.0,0,56,0
rough_patch,5,0,0,58,383,1.0,0.0,0.0,0.0,False,,,3.2805000000735163,57.1494140625,1.0,0.9342403628117913,8858,150,10.0,0,58,0
rough_patch,6,0,0,58,383,1.0,0.0,0.0,0.0,False,,,3.0383000002984772,57.2412109375,1.0,0.9319727891156463,8815,150,10.0,0,58,0
rough_patch,7,0,0,57,384,1.0,0.0,0.0,0.0,False,,,2.8956000001016946,57.1953125,1.0,0.9659863945578231,8882,150,10.0,0,57,0
rough_patch,8,0,0,44,397,1.0,0.0,0.0,0.0,False,,,2.759199999673001,57.1494140625,1.0,0.9206349206349206,8892,150,10.0,0,44,0
rough_patch,9,1,0,50,390,1.0,0.0196078431372549,0.038461538461538464,0.0,True,True,0.0,3.2275999997182225,57.1494140625,1.0,0.8979591836734694,8861,150,10.0,1,51,1
rough_patch,10,0,0,55,386,1.0,0.0,0.0,0.0,False,,,2.7926000002480578,57.1953125,1.0,0.8888888888888888,8815,150,10.0,0,55,0
rough_patch,11,0,0,43,398,1.0,0.0,0.0,0.0,False,,,2.9997999999977765,57.1953125,1.0,0.9229024943310657,8822,150,10.0,0,43,0
rough_patch,12,6,0,39,396,1.0,0.13333333333333333,0.23529411764705882,0.0,True,True,0.0,2.9043999998066283,137.8486328125,1.0,0.9206349206349206,8807,150,10.0,1,45,6
rough_patch,13,0,0,50,391,1.0,0.0,0.0,0.0,False,,,3.336799999942741,57.1494140625,1.0,0.9319727891156463,8835,150,10.0,0,50,0
rough_patch,14,0,0,47,394,1.0,0.0,0.0,0.0,False,,,1.9188000001122418,57.1953125,1.0,0.9206349206349206,8869,150,10.0,0,47,0
rough_patch,15,0,0,60,381,1.0,0.0,0.0,0.0,False,,,4.351500000211672,57.1953125,1.0,0.9229024943310657,8852,150,10.0,0,60,0
rough_patch,16,0,0,48,393,1.0,0.0,0.0,0.0,False,,,3.036300000076153,57.1943359375,1.0,0.8956916099773242,8828,150,10.0,0,48,0
rough_patch,17,0,0,54,387,1.0,0.0,0.0,0.0,False,,,3.0128999997032224,57.1943359375,1.0,0.9160997732426304,8790,150,10.0,0,54,0
rough_patch,18,0,0,46,395,1.0,0.0,0.0,0.0,False,,,2.821200000198587,57.1494140625,1.0,0.9002267573696145,8853,150,10.0,0,46,0
rough_patch,19,8,0,42,391,1.0,0.16,0.2758620689655173,0.0,True,True,0.0,3.4743000001071778,144.5224609375,1.0,0.9206349206349206,8842,150,10.0,2,50,8
rough_patch,20,0,0,51,390,1.0,0.0,0.0,0.0,False,,,2.8250000000298314,57.1953125,1.0,0.9251700680272109,8813,150,10.0,0,51,0
rough_patch,21,0,0,46,395,1.0,0.0,0.0,0.0,False,,,2.76609999991706,57.1494140625,1.0,0.9251700680272109,8807,150,10.0,0,46,0
rough_patch,22,0,0,53,388,1.0,0.0,0.0,0.0,False,,,2.894300000207295,57.1953125,0.9977324263038548,0.9024943310657596,8846,150,10.0,0,53,0
rough_patch,23,2,0,57,382,1.0,0.03389830508474576,0.06557377049180328,0.0,True,True,0.0,3.6179999997330015,57.1953125,1.0,0.9229024943310657,8861,150,10.0,1,59,2
rough_patch,24,7,0,53,381,1.0,0.11666666666666667,0.208955223880597,0.0,True,True,0.0,3.134900000077323,157.9970703125,1.0,0.927437641723356,8882,150,10.0,1,60,7
rough_patch,25,0,0,58,383,1.0,0.0,0.0,0.0,False,,,3.0159000002640823,57.1494140625,1.0,0.9433106575963719,8869,150,10.0,0,58,0
rough_patch,26,10,0,51,380,1.0,0.16393442622950818,0.28169014084507044,0.0,True,True,0.0,3.683900000396534,204.1943359375,1.0,0.9070294784580499,8877,150,10.0,1,61,10
rough_patch,27,0,0,48,393,1.0,0.0,0.0,0.0,False,,,3.303699999833043,57.1953125,1.0,0.9251700680272109,8818,150,10.0,0,48,0
rough_patch,28,2,0,53,386,1.0,0.03636363636363636,0.07017543859649122,0.0,True,True,0.0,3.337699999974575,57.1953125,1.0,0.9070294784580499,8815,150,10.0,1,55,2
rough_patch,29,0,0,54,387,1.0,0.0,0.0,0.0,False,,,2.8561000003719528,57.1494140625,1.0,0.9229024943310657,8825,150,10.0,0,54,0
rough_patch,30,0,0,49,392,1.0,0.0,0.0,0.0,False,,,2.7774000000135857,57.1953125,1.0,0.9342403628117913,8833,150,10.0,0,49,0
rough_patch,31,0,0,46,395,1.0,0.0,0.0,0.0,False,,,2.6411000003463414,57.1953125,1.0,0.9297052154195011,8792,150,10.0,0,46,0
rough_patch,32,2,0,55,384,1.0,0.03508771929824561,0.06779661016949151,0.0,True,True,0.0,3.7409999999908905,57.1494140625,1.0,0.9047619047619048,8878,150,10.0,1,57,2
rough_patch,33,0,0,51,390,1.0,0.0,0.0,0.0,False,,,3.252599999996164,57.1953125,1.0,0.9365079365079365,8834,150,10.0,0,51,0
rough_patch,34,0,0,53,388,1.0,0.0,0.0,0.0,False,,,2.7387000000089756,57.1953125,1.0,0.909297052154195,8796,150,10.0,0,53,0
rough_patch,35,0,0,61,380,1.0,0.0,0.0,0.0,False,,,2.639399999679881,57.2412109375,1.0,0.909297052154195,8823,150,10.0,0,61,0
rough_patch,36,0,0,53,388,1.0,0.0,0.0,0.0,False,,,2.6121999999304535,57.1494140625,1.0,0.9229024943310657,8860,150,10.0,0,53,0
rough_patch,37,0,0,58,383,1.0,0.0,0.0,0.0,False,,,2.8071000001546054,57.1494140625,1.0,0.8979591836734694,8799,150,10.0,0,58,0
rough_patch,38,0,0,52,389,1.0,0.0,0.0,0.0,False,,,2.7156000001014036,57.1953125,1.0,0.9160997732426304,8855,150,10.0,0,52,0
rough_patch,39,3,0,49,389,1.0,0.057692307692307696,0.1090909090909091,0.0,True,True,0.0,2.973899999688001,77.2763671875,1.0,0.9002267573696145,8817,150,10.0,1,52,3
rough_patch,40,15,0,50,376,1.0,0.23076923076923078,0.375,0.0,True,True,0.0,3.2423999996353814,235.1552734375,1.0,0.9024943310657596,8818,150,10.0,1,65,15
rough_patch,41,0,0,61,380,1.0,0.0,0.0,0.0,False,,,2.595999999812193,57.1953125,1.0,0.9342403628117913,8859,150,10.0,0,61,0
rough_patch,42,0,0,45,396,1.0,0.0,0.0,0.0,False,,,3.5005999998247717,57.1953125,1.0,0.9206349206349206,8804,150,10.0,0,45,0
rough_patch,43,4,0,35,402,1.0,0.10256410256410256,0.18604651162790695,0.0,True,True,0.0,2.8180000003885652,97.5185546875,1.0,0.9410430839002267,8795,150,10.0,1,39,4
rough_patch,44,5,0,57,379,1.0,0.08064516129032258,0.1492537313432836,0.0,True,True,0.0,2.90580000000773,117.74609375,1.0,0.9183673469387755,8824,150,10.0,1,62,5
rough_patch,45,0,0,58,383,1.0,0.0,0.0,0.0,False,,,2.8972000000067055,57.2412109375,1.0,0.9229024943310657,8798,150,10.0,0,58,0
rough_patch,46,0,0,44,397,1.0,0.0,0.0,0.0,False,,,3.0416999998124084,57.2412109375,1.0,0.9478458049886621,8828,150,10.0,0,44,0
rough_patch,47,0,0,55,386,1.0,0.0,0.0,0.0,False,,,2.8781000000890344,57.1953125,1.0,0.9206349206349206,8832,150,10.0,0,55,0
rough_patch,48,5,0,55,381,1.0,0.08333333333333333,0.15384615384615385,0.0,True,True,0.0,3.3334999998260173,117.7939453125,1.0,0.8843537414965986,8873,150,10.0,1,60,5
rough_patch,49,4,0,44,393,1.0,0.08333333333333333,0.15384615384615385,0.0,True,True,0.0,3.3049000003302353,97.47265625,1.0,0.9002267573696145,8823,150,10.0,1,48,4
step_and_pit,0,0,0,30,411,1.0,0.0,0.0,0.0,False,,,2.9765999997835024,57.1953125,1.0,0.9183673469387755,8808,150,10.0,0,30,0
step_and_pit,1,0,0,30,411,1.0,0.0,0.0,0.0,False,,,2.696300000025076,57.1953125,1.0,0.9229024943310657,8862,150,10.0,0,30,0
step_and_pit,2,0,0,30,411,1.0,0.0,0.0,0.0,False,,,2.690700000130164,57.2412109375,1.0,0.9047619047619048,8807,150,10.0,0,30,0
step_and_pit,3,0,0,30,411,1.0,0.0,0.0,0.0,False,,,2.8402000002643035,57.1494140625,1.0,0.9365079365079365,8847,150,10.0,0,30,0
step_and_pit,4,8,0,22,411,1.0,0.26666666666666666,0.4210526315789474,0.0,True,True,0.0,3.0455000000984,177.9140625,1.0,0.9251700680272109,8898,150,10.0,1,30,8
step_and_pit,5,0,0,30,411,1.0,0.0,0.0,0.0,False,,,2.750099999957456,57.1953125,1.0,0.9342403628117913,8858,150,10.0,0,30,0
step_and_pit,6,0,0,30,411,1.0,0.0,0.0,0.0,False,,,2.7295999998386833,57.1494140625,1.0,0.9319727891156463,8815,150,10.0,0,30,0
step_and_pit,7,0,0,30,411,1.0,0.0,0.0,0.0,False,,,2.5948000002244953,57.1953125,1.0,0.9659863945578231,8882,150,10.0,0,30,0
step_and_pit,8,0,0,30,411,1.0,0.0,0.0,0.0,False,,,4.0223999999398075,57.1953125,1.0,0.9206349206349206,8892,150,10.0,0,30,0
step_and_pit,9,0,0,30,411,1.0,0.0,0.0,0.0,False,,,2.7824999997392297,57.1494140625,1.0,0.8979591836734694,8861,150,10.0,0,30,0
step_and_pit,10,0,0,30,411,1.0,0.0,0.0,0.0,False,,,3.372500000295986,57.1953125,1.0,0.8888888888888888,8815,150,10.0,0,30,0
step_and_pit,11,0,0,30,411,1.0,0.0,0.0,0.0,False,,,3.648599999905855,57.1494140625,1.0,0.9229024943310657,8822,150,10.0,0,30,0
step_and_pit,12,0,0,30,411,1.0,0.0,0.0,0.0,False,,,2.7396000000408094,57.2412109375,1.0,0.9206349206349206,8807,150,10.0,0,30,0
step_and_pit,13,0,0,30,411,1.0,0.0,0.0,0.0,False,,,2.9199000000517117,57.1474609375,1.0,0.9319727891156463,8835,150,10.0,0,30,0
step_and_pit,14,4,0,26,411,1.0,0.13333333333333333,0.23529411764705882,0.0,True,True,0.0,4.158700000061799,97.4248046875,1.0,0.9206349206349206,8869,150,10.0,1,30,4
step_and_pit,15,8,0,22,411,1.0,0.26666666666666666,0.4210526315789474,0.0,True,True,0.0,3.854999999930442,177.7705078125,1.0,0.9229024943310657,8852,150,10.0,1,30,8
step_and_pit,16,0,0,30,411,1.0,0.0,0.0,0.0,False,,,2.930600000127015,57.1494140625,1.0,0.8956916099773242,8828,150,10.0,0,30,0
step_and_pit,17,9,0,21,411,1.0,0.3,0.4615384615384615,0.0,True,True,0.0,3.4792000001289125,197.935546875,1.0,0.9160997732426304,8790,150,10.0,1,30,9
step_and_pit,18,0,0,30,411,1.0,0.0,0.0,0.0,False,,,3.0129000001579698,57.1953125,1.0,0.9002267573696145,8853,150,10.0,0,30,0
step_and_pit,19,2,0,28,411,1.0,0.06666666666666667,0.125,0.0,True,True,0.0,3.156900000249152,57.1953125,1.0,0.9206349206349206,8842,150,10.0,1,30,2
step_and_pit,20,6,0,24,411,1.0,0.2,0.33333333333333337,0.0,True,True,0.0,4.3771999999080435,137.896484375,1.0,0.9251700680272109,8813,150,10.0,1,30,6
step_and_pit,21,0,0,30,411,1.0,0.0,0.0,0.0,False,,,3.599799999847164,57.1953125,1.0,0.9251700680272109,8807,150,10.0,0,30,0
step_and_pit,22,0,0,30,411,1.0,0.0,0.0,0.0,False,,,3.2754999997450795,57.1953125,0.9977324263038548,0.9024943310657596,8846,150,10.0,0,30,0
step_and_pit,23,0,0,30,411,1.0,0.0,0.0,0.0,False,,,2.751999999873078,57.1494140625,1.0,0.9229024943310657,8861,150,10.0,0,30,0
step_and_pit,24,0,0,30,411,1.0,0.0,0.0,0.0,False,,,2.7153000000907923,57.1953125,1.0,0.927437641723356,8882,150,10.0,0,30,0
step_and_pit,25,6,0,24,411,1.0,0.2,0.33333333333333337,0.0,True,True,0.0,3.0213000000003376,137.89453125,1.0,0.9433106575963719,8869,150,10.0,1,30,6
step_and_pit,26,0,0,30,411,1.0,0.0,0.0,0.0,False,,,3.1362999998236774,57.240234375,1.0,0.9070294784580499,8877,150,10.0,0,30,0
step_and_pit,27,0,0,30,411,1.0,0.0,0.0,0.0,False,,,2.799599999889324,57.1943359375,1.0,0.9251700680272109,8818,150,10.0,0,30,0
step_and_pit,28,0,0,30,411,1.0,0.0,0.0,0.0,False,,,2.793199999814533,57.1943359375,1.0,0.9070294784580499,8815,150,10.0,0,30,0
step_and_pit,29,0,0,30,411,1.0,0.0,0.0,0.0,False,,,2.637200000208395,57.1943359375,1.0,0.9229024943310657,8825,150,10.0,0,30,0
step_and_pit,30,0,0,30,411,1.0,0.0,0.0,0.0,False,,,2.8443999999581138,57.1943359375,1.0,0.9342403628117913,8833,150,10.0,0,30,0
step_and_pit,31,0,0,30,411,1.0,0.0,0.0,0.0,False,,,3.3021999997799867,57.1943359375,1.0,0.9297052154195011,8792,150,10.0,0,30,0
step_and_pit,32,0,0,30,411,1.0,0.0,0.0,0.0,False,,,3.0850999996800965,57.1943359375,1.0,0.9047619047619048,8878,150,10.0,0,30,0
step_and_pit,33,0,0,30,411,1.0,0.0,0.0,0.0,False,,,2.878700000110257,57.146484375,1.0,0.9365079365079365,8834,150,10.0,0,30,0
step_and_pit,34,0,0,30,411,1.0,0.0,0.0,0.0,False,,,2.701500000057422,57.1953125,1.0,0.909297052154195,8796,150,10.0,0,30,0
step_and_pit,35,0,0,30,411,1.0,0.0,0.0,0.0,False,,,3.4273000001121545,57.1943359375,1.0,0.909297052154195,8823,150,10.0,0,30,0
step_and_pit,36,0,0,30,411,1.0,0.0,0.0,0.0,False,,,2.5654999999460415,57.1943359375,1.0,0.9229024943310657,8860,150,10.0,0,30,0
step_and_pit,37,0,0,30,411,1.0,0.0,0.0,0.0,False,,,2.719000000070082,57.1494140625,1.0,0.8979591836734694,8799,150,10.0,0,30,0
step_and_pit,38,0,0,30,411,1.0,0.0,0.0,0.0,False,,,2.8794999998353887,57.1494140625,1.0,0.9160997732426304,8855,150,10.0,0,30,0
step_and_pit,39,0,0,30,411,1.0,0.0,0.0,0.0,False,,,2.6314000001548266,57.1494140625,1.0,0.9002267573696145,8817,150,10.0,0,30,0
step_and_pit,40,0,0,30,411,1.0,0.0,0.0,0.0,False,,,2.821099999891885,57.1953125,1.0,0.9024943310657596,8818,150,10.0,0,30,0
step_and_pit,41,0,0,30,411,1.0,0.0,0.0,0.0,False,,,2.9223000001366017,57.1494140625,1.0,0.9342403628117913,8859,150,10.0,0,30,0
step_and_pit,42,9,0,21,411,1.0,0.3,0.4615384615384615,0.0,True,True,0.0,3.185600000051636,197.748046875,1.0,0.9206349206349206,8804,150,10.0,1,30,9
step_and_pit,43,0,0,30,411,1.0,0.0,0.0,0.0,False,,,2.9145999997126637,57.2412109375,1.0,0.9410430839002267,8795,150,10.0,0,30,0
step_and_pit,44,0,0,30,411,1.0,0.0,0.0,0.0,False,,,2.77940000023591,57.1494140625,1.0,0.9183673469387755,8824,150,10.0,0,30,0
step_and_pit,45,0,0,30,411,1.0,0.0,0.0,0.0,False,,,2.7418999998189975,57.1494140625,1.0,0.9229024943310657,8798,150,10.0,0,30,0
step_and_pit,46,0,0,30,411,1.0,0.0,0.0,0.0,False,,,2.6133999999728985,57.1494140625,1.0,0.9478458049886621,8828,150,10.0,0,30,0
step_and_pit,47,0,0,30,411,1.0,0.0,0.0,0.0,False,,,2.723799999785115,57.1494140625,1.0,0.9206349206349206,8832,150,10.0,0,30,0
step_and_pit,48,12,0,18,411,1.0,0.4,0.5714285714285715,0.0,True,True,0.0,3.2956000000012864,216.5185546875,1.0,0.8843537414965986,8873,150,10.0,1,30,12
step_and_pit,49,0,0,30,411,1.0,0.0,0.0,0.0,False,,,2.750200000264158,57.1953125,1.0,0.9002267573696145,8823,150,10.0,0,30,0
no_safe_zone,0,0,0,0,441,1.0,1.0,1.0,0.0,False,,,2.720700000281795,57.1494140625,1.0,0.9183673469387755,8808,150,10.0,0,0,0
no_safe_zone,1,0,0,0,441,1.0,1.0,1.0,0.0,False,,,2.6634000000740343,57.1015625,1.0,0.9229024943310657,8862,150,10.0,0,0,0
no_safe_zone,2,0,0,0,441,1.0,1.0,1.0,0.0,False,,,3.496499999982916,57.1494140625,1.0,0.9047619047619048,8807,150,10.0,0,0,0
no_safe_zone,3,0,0,0,441,1.0,1.0,1.0,0.0,False,,,3.595499999846652,57.1474609375,1.0,0.9365079365079365,8847,150,10.0,0,0,0
no_safe_zone,4,0,0,0,441,1.0,1.0,1.0,0.0,False,,,3.248299999995652,57.193359375,1.0,0.9251700680272109,8898,150,10.0,0,0,0
no_safe_zone,5,0,0,0,441,1.0,1.0,1.0,0.0,False,,,3.2353000001421606,57.1494140625,1.0,0.9342403628117913,8858,150,10.0,0,0,0
no_safe_zone,6,0,0,0,441,1.0,1.0,1.0,0.0,False,,,3.4539999996923143,57.2412109375,1.0,0.9319727891156463,8815,150,10.0,0,0,0
no_safe_zone,7,0,0,0,441,1.0,1.0,1.0,0.0,False,,,2.9841999999007385,57.1494140625,1.0,0.9659863945578231,8882,150,10.0,0,0,0
no_safe_zone,8,0,0,0,441,1.0,1.0,1.0,0.0,False,,,3.140200000416371,57.1015625,1.0,0.9206349206349206,8892,150,10.0,0,0,0
no_safe_zone,9,0,0,0,441,1.0,1.0,1.0,0.0,False,,,2.6954999998451967,57.1494140625,1.0,0.8979591836734694,8861,150,10.0,0,0,0
no_safe_zone,10,0,0,0,441,1.0,1.0,1.0,0.0,False,,,3.002699999797187,57.1494140625,1.0,0.8888888888888888,8815,150,10.0,0,0,0
no_safe_zone,11,0,0,0,441,1.0,1.0,1.0,0.0,False,,,4.736999999749969,57.1494140625,1.0,0.9229024943310657,8822,150,10.0,0,0,0
no_safe_zone,12,0,0,0,441,1.0,1.0,1.0,0.0,False,,,2.8060999998160696,57.1494140625,1.0,0.9206349206349206,8807,150,10.0,0,0,0
no_safe_zone,13,0,0,0,441,1.0,1.0,1.0,0.0,False,,,2.9166999997869425,57.1494140625,1.0,0.9319727891156463,8835,150,10.0,0,0,0
no_safe_zone,14,0,0,0,441,1.0,1.0,1.0,0.0,False,,,1.821999999719992,57.1953125,1.0,0.9206349206349206,8869,150,10.0,0,0,0
no_safe_zone,15,0,0,0,441,1.0,1.0,1.0,0.0,False,,,1.5320999996220053,57.1494140625,1.0,0.9229024943310657,8852,150,10.0,0,0,0
no_safe_zone,16,0,0,0,441,1.0,1.0,1.0,0.0,False,,,2.2911999999450927,57.1015625,1.0,0.8956916099773242,8828,150,10.0,0,0,0
no_safe_zone,17,0,0,0,441,1.0,1.0,1.0,0.0,False,,,2.070100000310049,57.1494140625,1.0,0.9160997732426304,8790,150,10.0,0,0,0
no_safe_zone,18,0,0,0,441,1.0,1.0,1.0,0.0,False,,,1.5333000001191976,57.1953125,1.0,0.9002267573696145,8853,150,10.0,0,0,0
no_safe_zone,19,0,0,0,441,1.0,1.0,1.0,0.0,False,,,1.6199000001506647,57.1494140625,1.0,0.9206349206349206,8842,150,10.0,0,0,0
no_safe_zone,20,0,0,0,441,1.0,1.0,1.0,0.0,False,,,2.3967000001903216,57.1953125,1.0,0.9251700680272109,8813,150,10.0,0,0,0
no_safe_zone,21,0,0,0,441,1.0,1.0,1.0,0.0,False,,,2.2666000004392117,57.1953125,1.0,0.9251700680272109,8807,150,10.0,0,0,0
no_safe_zone,22,0,0,0,441,1.0,1.0,1.0,0.0,False,,,2.6239000003442925,57.1494140625,0.9977324263038548,0.9024943310657596,8846,150,10.0,0,0,0
no_safe_zone,23,0,0,0,441,1.0,1.0,1.0,0.0,False,,,1.8500000001040462,57.1474609375,1.0,0.9229024943310657,8861,150,10.0,0,0,0
no_safe_zone,24,0,0,0,441,1.0,1.0,1.0,0.0,False,,,2.1919999999227002,57.1494140625,1.0,0.927437641723356,8882,150,10.0,0,0,0
no_safe_zone,25,0,0,0,441,1.0,1.0,1.0,0.0,False,,,2.6031000002149085,57.1494140625,1.0,0.9433106575963719,8869,150,10.0,0,0,0
no_safe_zone,26,0,0,0,441,1.0,1.0,1.0,0.0,False,,,1.762999999755266,57.1953125,1.0,0.9070294784580499,8877,150,10.0,0,0,0
no_safe_zone,27,0,0,0,441,1.0,1.0,1.0,0.0,False,,,1.7865999998321058,57.1015625,1.0,0.9251700680272109,8818,150,10.0,0,0,0
no_safe_zone,28,0,0,0,441,1.0,1.0,1.0,0.0,False,,,2.233600000181468,57.1494140625,1.0,0.9070294784580499,8815,150,10.0,0,0,0
no_safe_zone,29,0,0,0,441,1.0,1.0,1.0,0.0,False,,,1.7953000001398323,57.1474609375,1.0,0.9229024943310657,8825,150,10.0,0,0,0
no_safe_zone,30,0,0,0,441,1.0,1.0,1.0,0.0,False,,,1.9022000001314154,57.2412109375,1.0,0.9342403628117913,8833,150,10.0,0,0,0
no_safe_zone,31,0,0,0,441,1.0,1.0,1.0,0.0,False,,,2.1209000001363165,57.1494140625,1.0,0.9297052154195011,8792,150,10.0,0,0,0
no_safe_zone,32,0,0,0,441,1.0,1.0,1.0,0.0,False,,,1.9317999999657332,57.1494140625,1.0,0.9047619047619048,8878,150,10.0,0,0,0
no_safe_zone,33,0,0,0,441,1.0,1.0,1.0,0.0,False,,,1.9650999997793406,57.1494140625,1.0,0.9365079365079365,8834,150,10.0,0,0,0
no_safe_zone,34,0,0,0,441,1.0,1.0,1.0,0.0,False,,,1.6724000001886452,57.1494140625,1.0,0.909297052154195,8796,150,10.0,0,0,0
no_safe_zone,35,0,0,0,441,1.0,1.0,1.0,0.0,False,,,1.8460999999660999,57.1943359375,1.0,0.909297052154195,8823,150,10.0,0,0,0
no_safe_zone,36,0,0,0,441,1.0,1.0,1.0,0.0,False,,,1.6135999999278283,57.1953125,1.0,0.9229024943310657,8860,150,10.0,0,0,0
no_safe_zone,37,0,0,0,441,1.0,1.0,1.0,0.0,False,,,3.9818000000195752,57.1494140625,1.0,0.8979591836734694,8799,150,10.0,0,0,0
no_safe_zone,38,0,0,0,441,1.0,1.0,1.0,0.0,False,,,1.6555000001972076,57.1494140625,1.0,0.9160997732426304,8855,150,10.0,0,0,0
no_safe_zone,39,0,0,0,441,1.0,1.0,1.0,0.0,False,,,1.7605999996703758,57.1494140625,1.0,0.9002267573696145,8817,150,10.0,0,0,0
no_safe_zone,40,0,0,0,441,1.0,1.0,1.0,0.0,False,,,2.2668999999950756,57.1953125,1.0,0.9024943310657596,8818,150,10.0,0,0,0
no_safe_zone,41,0,0,0,441,1.0,1.0,1.0,0.0,False,,,1.7982999997911975,57.1953125,1.0,0.9342403628117913,8859,150,10.0,0,0,0
no_safe_zone,42,0,0,0,441,1.0,1.0,1.0,0.0,False,,,1.9603000000643078,57.1953125,1.0,0.9206349206349206,8804,150,10.0,0,0,0
no_safe_zone,43,0,0,0,441,1.0,1.0,1.0,0.0,False,,,1.8683000002965855,57.2412109375,1.0,0.9410430839002267,8795,150,10.0,0,0,0
no_safe_zone,44,0,0,0,441,1.0,1.0,1.0,0.0,False,,,2.1563000000242027,57.1953125,1.0,0.9183673469387755,8824,150,10.0,0,0,0
no_safe_zone,45,0,0,0,441,1.0,1.0,1.0,0.0,False,,,1.6046999999161926,57.1494140625,1.0,0.9229024943310657,8798,150,10.0,0,0,0
no_safe_zone,46,0,0,0,441,1.0,1.0,1.0,0.0,False,,,1.8248000001221953,57.1494140625,1.0,0.9478458049886621,8828,150,10.0,0,0,0
no_safe_zone,47,0,0,0,441,1.0,1.0,1.0,0.0,False,,,1.73960000029183,57.1953125,1.0,0.9206349206349206,8832,150,10.0,0,0,0
no_safe_zone,48,0,0,0,441,1.0,1.0,1.0,0.0,False,,,1.9666000002871442,57.1953125,1.0,0.8843537414965986,8873,150,10.0,0,0,0
no_safe_zone,49,0,0,0,441,1.0,1.0,1.0,0.0,False,,,1.9495999999890046,57.1494140625,1.0,0.9002267573696145,8823,150,10.0,0,0,0
